event_id,label,start_timestamp,duration,utm_x,utm_y,elevation,utm_zone,file_ids,file_start_time_offsets,tdoas,distance_residuals,residual_rms,mean_cc_max,hawkears_confirmed
OKLG8_WEML_0000,Western Meadowlark,2025-06-16 12:00:16+00:00,3.0,306263.18323869765,5466578.457665242,688.9283974207241,11U,"[""OKLG-8-D1_20250616_120000"", ""OKLG-8-D2_20250616_120000"", ""OKLG-8-C2_20250616_120000"", ""OKLG-8-C1_20250616_120000"", ""OKLG-8-E2_20250616_120000"", ""OKLG-8-E1_20250616_120000""]","[7.5, 7.5, 7.5, 7.5, 7.5, 7.5]","[0.0, 0.0010709917985844974, 0.1071334917985845, 0.09905015846525117, -0.08344984153474883, -0.10640817486808218]","[0.0, 0.3938458526372648, 0.14483932357333412, -0.8720676025139772, -0.19139434594241111, 0.6221322672287486]",0.4761434031593734,0.2069854084402322,True
OKLG8_WEML_0001,Western Meadowlark,2025-06-16 12:00:52+00:00,3.0,306260.2420638744,5466577.910416025,689.2048118302821,11U,"[""OKLG-8-D1_20250616_120000"", ""OKLG-8-C1_20250616_120000"", ""OKLG-8-E2_20250616_120000"", ""OKLG-8-D2_20250616_120000"", ""OKLG-8-E1_20250616_120000""]","[25.5, 25.5, 25.5, 25.5, 25.5]","[0.0, 0.09905015846525117, -0.08301234153474885, 0.00011265846525115863, -0.10609567486808219]","[0.0, -0.9194329554162638, -0.23967415705117995, 0.6155408231202126, 0.5868460587831549]",0.5702770313979881,0.2459014847874641,True
OKLG8_WEML_0002,Western Meadowlark,2025-06-16 12:02:16+00:00,3.0,306236.06313900644,5466301.453784941,631.7955348669715,11U,"[""OKLG-8-E7_20250616_120000"", ""OKLG-8-D7_20250616_120000"", ""OKLG-8-F7_20250616_120000"", ""OKLG-8-D6_20250616_120000"", ""OKLG-8-E6_20250616_120000""]","[67.5, 67.5, 67.5, 67.5, 67.5]","[0.0, 0.0484459917985845, -0.0020540082014154915, 0.14180015846525112, 0.10388349179858447]","[0.0, 0.08044063903449582, 0.022365161376045994, -0.29738121971716563, -0.5415053276235469]",0.2787954470707183,0.2301860004663467,True
OKLG8_WEML_0003,Western Meadowlark,2025-06-16 12:03:37.500000+00:00,3.0,306182.5992391329,5466604.820046528,697.5957294013397,11U,"[""OKLG-8-D2_20250616_120000"", ""OKLG-8-E1_20250616_120000"", ""OKLG-8-D1_20250616_120000"", ""OKLG-8-E3_20250616_120000"", ""OKLG-8-D3_20250616_120000"", ""OKLG-8-C1_20250616_120000""]","[108.0, 108.0, 108.0, 108.0, 108.0, 108.0]","[0.0, -0.034699841534748865, -0.10232484153474886, 0.13788349179858445, 0.10119599179858446, -0.03163734153474884]","[0.0, 0.19920449670604365, 0.6902170170573838, -0.6287919615138582, 0.053536991134885, -0.1290058835770025]",0.3939056613846362,0.1883980883285403,True
OKLG8_WEML_0004,Western Meadowlark,2025-06-16 12:03:40+00:00,3.0,306175.7332055625,5466615.779294835,700.2654376539033,11U,"[""OKLG-8-E1_20250616_120000"", ""OKLG-8-D2_20250616_120000"", ""OKLG-8-D1_20250616_120000"", ""OKLG-8-F2_20250616_120000""]","[109.5, 109.5, 109.5, 109.5]","[0.0, 0.034737658465251176, -0.06757484153474885, 0.14625849179858447]","[0.0, -0.31796413570374793, 0.3865864871102721, -0.3487252719351386]",0.3050244329952636,0.2962530590593815,True
OKLG8_WEML_0005,Western Meadowlark,2025-06-16 12:04:16+00:00,3.0,306260.2638559131,5466587.780039537,690.2995863689807,11U,"[""OKLG-8-E2_20250616_120000"", ""OKLG-8-E3_20250616_120000"", ""OKLG-8-F2_20250616_120000"", ""OKLG-8-F3_20250616_120000"", ""OKLG-8-F1_20250616_120000"", ""OKLG-8-D1_20250616_120000"", ""OKLG-8-E1_20250616_120000"", ""OKLG-8-D2_20250616_120000""]","[127.5, 127.5, 127.5, 127.5, 127.5, 127.5, 127.5, 127.5]","[0.0, 0.08192515846525117, -0.05822067486808219, 0.04469599179858447, -0.1493665082014155, 0.0670918251319178, -0.041012341534748864, 0.07900849179858449]","[0.0, -0.13319111654007834, 0.14812843757772298, -0.16639666211102866, 0.8835714480309986, -0.9720112714100894, 0.04956974882025273, -0.25376033656765457]",0.4821469745631238,0.1912590060383081,True
OKLG8_WEML_0006,Western Meadowlark,2025-06-16 12:04:19.500000+00:00,3.0,306260.26966658945,5466587.789824986,690.2846132650861,11U,"[""OKLG-8-E2_20250616_120000"", ""OKLG-8-F1_20250616_120000"", ""OKLG-8-D2_20250616_120000"", ""OKLG-8-F2_20250616_120000"", ""OKLG-8-E3_20250616_120000"", ""OKLG-8-F3_20250616_120000"", ""OKLG-8-D1_20250616_120000"", ""OKLG-8-E1_20250616_120000""]","[129.0, 129.0, 129.0, 129.0, 129.0, 129.0, 129.0, 129.0]","[0.0, -0.1493665082014155, 0.07900849179858449, -0.05822067486808219, 0.08192515846525117, 0.04469599179858447, 0.0670709917985845, -0.041012341534748864]","[0.0, 0.8808441623205128, -0.2541857251257127, 0.14670205728258678, -0.13339120389230175, -0.16768953619185756, -0.9673083237432333, 0.04716456702863625]",0.4803437828983495,0.1886816481128335,True
OKLG8_WEML_0007,Western Meadowlark,2025-06-16 12:05:25.500000+00:00,3.0,306248.55506803625,5466558.766489081,683.9067026347734,11U,"[""OKLG-8-G1_20250616_120000"", ""OKLG-8-G2_20250616_120000"", ""OKLG-8-F1_20250616_120000"", ""OKLG-8-F2_20250616_120000""]","[162.0, 162.0, 162.0, 162.0]","[0.0, 0.019820991798584486, -0.029241508201415523, -0.13869984153474885]","[0.0, -16.9334690837283, -8.155783507479766, 6.763468144112306]",9.987538249825167,0.2750400123186409,True
OKLG8_WEML_0008,Western Meadowlark,2025-06-16 12:05:43.500000+00:00,3.0,306247.9271502289,5466520.721006401,677.9289811836219,11U,"[""OKLG-8-G3_20250616_120000"", ""OKLG-8-F4_20250616_120000"", ""OKLG-8-F2_20250616_120000"", ""OKLG-8-F3_20250616_120000"", ""OKLG-8-G4_20250616_120000"", ""OKLG-8-G2_20250616_120000""]","[171.0, 171.0, 171.0, 171.0, 171.0, 171.0]","[0.0, 0.006591825131917806, -0.019512341534748845, -0.10161650820141549, 0.05098765846525116, 0.036133491798584494]","[0.0, -0.16466162103350213, 0.16703897575511534, 0.42497524335523684, -0.3686265174348728, -0.3391830397870391]",0.2847660063288454,0.2372032298396031,True
OKLG8_WEML_0009,Western Meadowlark,2025-06-16 12:05:46+00:00,3.0,306248.6628891617,5466558.525176964,683.93471664773,11U,"[""OKLG-8-G1_20250616_120000"", ""OKLG-8-G2_20250616_120000"", ""OKLG-8-F1_20250616_120000"", ""OKLG-8-F2_20250616_120000""]","[172.5, 172.5, 172.5, 172.5]","[0.0, 0.019612658465251176, -0.02863734153474884, -0.13972067486808218]","[0.0, -17.056667863777964, -8.218171265565731, 6.80462275512575]",10.059462565229085,0.2781258546747267,True
OKLG8_WEML_0010,Western Meadowlark,2025-06-16 12:07:43.500000+00:00,3.0,306247.9983031403,5466521.097714411,677.6169315093416,11U,"[""OKLG-8-F4_20250616_120000"", ""OKLG-8-G3_20250616_120000"", ""OKLG-8-G5_20250616_120000"", ""OKLG-8-G4_20250616_120000"", ""OKLG-8-F5_20250616_120000"", ""OKLG-8-E4_20250616_120000"", ""OKLG-8-E5_20250616_120000"", ""OKLG-8-E3_20250616_120000"", ""OKLG-8-F3_20250616_120000""]","[231.0, 231.0, 231.0, 231.0, 231.0, 231.0, 231.0, 231.0, 231.0]","[0.0, -0.007470674868082172, 0.12896682513191787, 0.045445991798584495, 0.10202932513191781, 0.02911265846525113, 0.11848765846525117, -0.029033174868082157, -0.10792900820141549]","[0.0, 0.11441228916833493, -0.1129012555328488, -0.6946283637190572, -0.9663787851052823, -0.13367894348443765, -0.48512020801655537, 0.12240254551406571, 0.42621784488659176]",0.4585107651715065,0.1507699319885836,True
OKLG8_WEML_0011,Western Meadowlark,2025-06-16 12:08:10+00:00,3.0,306247.87948791723,5466520.772936883,676.6953594589023,11U,"[""OKLG-8-E3_20250616_120000"", ""OKLG-8-F4_20250616_120000"", ""OKLG-8-F3_20250616_120000"", ""OKLG-8-E4_20250616_120000"", ""OKLG-8-F2_20250616_120000"", ""OKLG-8-E2_20250616_120000"", ""OKLG-8-D2_20250616_120000"", ""OKLG-8-D3_20250616_120000""]","[244.5, 244.5, 244.5, 244.5, 244.5, 244.5, 244.5, 244.5]","[0.0, 0.029091825131917826, -0.07888734153474886, 0.05813349179858451, 0.002654325131917823, 0.03698765846525115, 0.12748765846525117, 0.10140432513191783]","[0.0, -0.4381888430578508, 0.24356087845293675, -0.5093927557399436, 0.3896104080846322, -0.15923500408814192, -1.1138186154496545, -0.6123021651119163]",0.53659461530927,0.2206193632446229,True
OKLG8_WEML_0012,Western Meadowlark,2025-06-16 12:08:13.500000+00:00,3.0,306206.5015912164,5466541.365026421,681.6767414531695,11U,"[""OKLG-8-D1_20250616_120000"", ""OKLG-8-C2_20250616_120000"", ""OKLG-8-D2_20250616_120000"", ""OKLG-8-E2_20250616_120000"", ""OKLG-8-C1_20250616_120000"", ""OKLG-8-E1_20250616_120000""]","[246.0, 246.0, 246.0, 246.0, 246.0, 246.0]","[0.0, 0.029341825131917798, -0.0679081748680822, -0.15626234153474886, 0.07184182513191784, 0.06732099179858447]","[0.0, -3.716314776824893, -4.140262832544363, 13.198073911675092, -4.618948100015458, -30.337470995330833]",13.825331549756832,0.1788602862507105,True
OKLG8_WEML_0013,Western Meadowlark,2025-06-16 12:08:31.500000+00:00,3.0,306247.7953778297,5466520.807200005,676.8563181314303,11U,"[""OKLG-8-E3_20250616_120000"", ""OKLG-8-E2_20250616_120000"", ""OKLG-8-D2_20250616_120000"", ""OKLG-8-F4_20250616_120000"", ""OKLG-8-D3_20250616_120000"", ""OKLG-8-E4_20250616_120000"", ""OKLG-8-F3_20250616_120000"", ""OKLG-8-F2_20250616_120000""]","[255.0, 255.0, 255.0, 255.0, 255.0, 255.0, 255.0, 255.0]","[0.0, 0.03694599179858449, 0.12746682513191782, 0.03017515846525115, 0.10244599179858449, 0.05819599179858448, -0.0788456748680822, 0.002633491798584464]","[0.0, -0.18024169080712482, -1.1450239314273956, -0.6674923493942717, -0.9899687398837144, -0.4594065260017425, 0.36933316399393346, 0.4191616646973955]",0.6415127489383926,0.2159961215220391,True
OKLG8_WEML_0014,Western Meadowlark,2025-06-16 12:08:34+00:00,3.0,306248.03556085203,5466520.76096337,676.1531277794248,11U,"[""OKLG-8-E2_20250616_120000"", ""OKLG-8-E3_20250616_120000"", ""OKLG-8-F2_20250616_120000"", ""OKLG-8-D1_20250616_120000"", ""OKLG-8-D3_20250616_120000"", ""OKLG-8-E1_20250616_120000"", ""OKLG-8-F1_20250616_120000"", ""OKLG-8-D2_20250616_120000"", ""OKLG-8-F3_20250616_120000""]","[256.5, 256.5, 256.5, 256.5, 256.5, 256.5, 256.5, 256.5, 256.5]","[0.0, -0.036929008201415536, -0.03430400820141549, 0.15623765846525112, 0.06452932513191784, 0.09263349179858449, 0.07530015846525118, 0.0905293251319178, -0.11580400820141551]","[0.0, 0.07530461936311426, 0.426434394178133, -0.7880788468088832, -0.5206325540738997, -1.0493587389608092, -0.6541320922825871, -0.954438266770891, 0.1505794457551678]",0.6273677581001608,0.1951809463401635,True
OKLG8_WEML_0015,Western Meadowlark,2025-06-16 12:10:40+00:00,3.0,306246.04158737033,5466518.012017177,674.7091332140259,11U,"[""OKLG-8-D3_20250616_120000"", ""OKLG-8-E4_20250616_120000"", ""OKLG-8-E2_20250616_120000"", ""OKLG-8-E3_20250616_120000"", ""OKLG-8-D4_20250616_120000""]","[319.5, 319.5, 319.5, 319.5, 319.5]","[0.0, -0.0482831748680822, -0.05530400820141551, -0.10388734153474882, 0.025675158465251147]","[0.0, -0.022485126379064548, 0.06193268378520473, 0.9862600858937411, -0.12790637636095628]",0.4457376439947699,0.2094060886651277,True
OKLG8_WEML_0016,Western Meadowlark,2025-06-16 12:12:34+00:00,3.0,306247.7713565436,5466520.955280676,676.5877115827896,11U,"[""OKLG-8-E2_20250616_120000"", ""OKLG-8-E1_20250616_120000"", ""OKLG-8-F3_20250616_120000"", ""OKLG-8-F2_20250616_120000"", ""OKLG-8-F1_20250616_120000"", ""OKLG-8-E3_20250616_120000"", ""OKLG-8-D1_20250616_120000"", ""OKLG-8-D2_20250616_120000"", ""OKLG-8-D3_20250616_120000""]","[376.5, 376.5, 376.5, 376.5, 376.5, 376.5, 376.5, 376.5, 376.5]","[0.0, 0.09111265846525113, -0.1141165082014155, -0.033679008201415506, 0.0762168251319178, -0.03651234153474886, 0.15598765846525114, 0.08880015846525113, 0.06565432513191782]","[0.0, -0.5037623473435823, 0.19868052467037145, 0.3674962094510027, -0.8378803420401008, 0.10237496035126423, -0.7088069424802018, -0.3452618540312679, -0.7996193304124581]",0.5165948466917154,0.1626168878542052,True
OKLG8_WEML_0017,Western Meadowlark,2025-06-16 12:12:37.500000+00:00,3.0,306247.6381504073,5466520.86286168,678.0886570425553,11U,"[""OKLG-8-G3_20250616_120000"", ""OKLG-8-G2_20250616_120000"", ""OKLG-8-F4_20250616_120000"", ""OKLG-8-G4_20250616_120000"", ""OKLG-8-F2_20250616_120000"", ""OKLG-8-F3_20250616_120000""]","[378.0, 378.0, 378.0, 378.0, 378.0, 378.0]","[0.0, 0.036466825131917846, 0.006341825131917833, 0.05117515846525117, -0.021137341534748832, -0.10159567486808219]","[0.0, -0.6361591100627173, -0.1870296654845238, -0.4125065245694705, 0.3058045582284448, 0.41931825574878195]",0.3827933231168223,0.2430964602778355,True
OKLG8_WEML_0018,Western Meadowlark,2025-06-16 12:13:01.500000+00:00,3.0,306247.7999704606,5466521.306065325,677.7517250391405,11U,"[""OKLG-8-F4_20250616_120000"", ""OKLG-8-G3_20250616_120000"", ""OKLG-8-E5_20250616_120000"", ""OKLG-8-E3_20250616_120000"", ""OKLG-8-G4_20250616_120000"", ""OKLG-8-G5_20250616_120000"", ""OKLG-8-E4_20250616_120000"", ""OKLG-8-F5_20250616_120000"", ""OKLG-8-F3_20250616_120000""]","[390.0, 390.0, 390.0, 390.0, 390.0, 390.0, 390.0, 390.0, 390.0]","[0.0, -0.007283174868082165, 0.11948765846525117, -0.030324841534748848, 0.0449668251319178, 0.13088349179858444, 0.028070991798584466, 0.10123765846525118, -0.10882484153474886]","[0.0, 0.021371701640211932, -0.9372173095888274, 0.17302239158032218, -0.4686208734855825, -0.7254853721964287, 0.04332579225585909, -0.6956015218275284, 0.7857080838642679]",0.553552178193258,0.1515093197425206,True
OKLG8_WEML_0019,Western Meadowlark,2025-06-16 12:13:52+00:00,3.0,306223.6545532132,5466381.965723415,647.2330491471778,11U,"[""OKLG-8-D7_20250616_120000"", ""OKLG-8-E6_20250616_120000"", ""OKLG-8-C6_20250616_120000"", ""OKLG-8-D6_20250616_120000""]","[415.5, 415.5, 415.5, 415.5]","[0.0, -0.02957484153474882, 0.11690432513191784, 0.033279325131917836]","[0.0, -0.031082711568324563, -0.21472942685386046, 0.18139267462505526]",0.1414020545493047,0.2753869420848787,True
OKLG8_WEML_0020,Western Meadowlark,2025-06-16 12:15:25.500000+00:00,3.0,306246.89144288213,5466521.549456262,676.4375070452813,11U,"[""OKLG-8-D2_20250616_120000"", ""OKLG-8-C1_20250616_120000"", ""OKLG-8-D3_20250616_120000"", ""OKLG-8-C3_20250616_120000"", ""OKLG-8-E1_20250616_120000"", ""OKLG-8-C2_20250616_120000"", ""OKLG-8-E2_20250616_120000"", ""OKLG-8-E3_20250616_120000""]","[462.0, 462.0, 462.0, 462.0, 462.0, 462.0, 462.0, 462.0]","[0.0, 0.13907099179858445, -0.02372067486808216, 0.07950849179858449, 0.0025709917985844988, 0.0978209917985845, -0.08753317486808215, -0.12522067486808217]","[0.0, -0.7417830614630178, -0.09858956290709645, -0.7492603258212842, -0.07631227741267506, -0.7379221291488869, -0.07411630870015963, 0.684610164877582]",0.5179152905492919,0.1687062289565801,True
OKLG8_WEML_0021,Western Meadowlark,2025-06-16 12:16:28+00:00,3.0,306247.8236609071,5466521.216276072,677.42373771639,11U,"[""OKLG-8-E4_20250616_120000"", ""OKLG-8-F3_20250616_120000"", ""OKLG-8-D5_20250616_120000"", ""OKLG-8-E5_20250616_120000"", ""OKLG-8-F4_20250616_120000"", ""OKLG-8-E3_20250616_120000"", ""OKLG-8-F5_20250616_120000"", ""OKLG-8-D4_20250616_120000"", ""OKLG-8-D3_20250616_120000""]","[493.5, 493.5, 493.5, 493.5, 493.5, 493.5, 493.5, 493.5, 493.5]","[0.0, -0.13640817486808218, 0.13798765846525113, 0.0900293251319178, -0.0281790082014155, -0.05894984153474886, 0.07348765846525118, 0.07305015846525115, 0.04257099179858448]","[0.0, 0.5469663611800869, -0.8978872723927174, -0.5271913638216852, -0.05915773797654849, 0.4194897873861977, -0.8985507230807044, -0.4965532891654443, -0.35910991074697624]",0.5523378904344278,0.1841205784844027,True
OKLG8_WEML_0022,Western Meadowlark,2025-06-16 12:16:31.500000+00:00,3.0,306247.5057145116,5466521.125889833,677.9530085794843,11U,"[""OKLG-8-G3_20250616_120000"", ""OKLG-8-F4_20250616_120000"", ""OKLG-8-F3_20250616_120000"", ""OKLG-8-G4_20250616_120000"", ""OKLG-8-F2_20250616_120000""]","[495.0, 495.0, 495.0, 495.0, 495.0]","[0.0, 0.006362658465251136, -0.10159567486808219, 0.05167515846525117, -0.021283174868082178]","[0.0, -0.10036163056176199, 0.5305387412786619, -0.4749507405767117, 0.001190534461823457]",0.3215970883678004,0.2706996649503708,True
OKLG8_WEML_0023,Western Meadowlark,2025-06-16 12:17:01.500000+00:00,3.0,306247.7218132935,5466521.294214518,677.7002077553385,11U,"[""OKLG-8-F4_20250616_120000"", ""OKLG-8-F5_20250616_120000"", ""OKLG-8-G3_20250616_120000"", ""OKLG-8-G4_20250616_120000"", ""OKLG-8-E4_20250616_120000"", ""OKLG-8-E3_20250616_120000"", ""OKLG-8-E5_20250616_120000"", ""OKLG-8-F3_20250616_120000""]","[510.0, 510.0, 510.0, 510.0, 510.0, 510.0, 510.0, 510.0]","[0.0, 0.10098765846525115, -0.006720674868082199, 0.04505015846525118, 0.028341825131917797, -0.030699841534748862, 0.11865432513191781, -0.10792900820141549]","[0.0, -0.6092018053384007, -0.08207162038125215, -0.44554778837009984, -0.09824348774212036, 0.23810852975624108, -0.6813107860896095, 0.5121812495494305]",0.4137083659837463,0.1721546053886413,True
OKLG8_WEML_0024,Western Meadowlark,2025-06-16 12:19:25.500000+00:00,3.0,306048.6332260586,5466375.70148268,652.4690466432257,11U,"[""OKLG-8-B7_20250616_120000"", ""OKLG-8-C7_20250616_120000"", ""OKLG-8-A6_20250616_120000"", ""OKLG-8-A7_20250616_120000""]","[582.0, 582.0, 582.0, 582.0]","[0.0, 0.11398765846525116, -0.040783174868082195, -0.09528317486808219]","[0.0, -0.31894525044491445, 0.0008011100058284744, 0.12077702616144531]",0.1705240486023988,0.272909692954272,True
OKLG8_WEML_0025,Western Meadowlark,2025-06-16 12:19:34+00:00,3.0,306214.9007710759,5466589.715539536,693.2550117081872,11U,"[""OKLG-8-F2_20250616_120000"", ""OKLG-8-E1_20250616_120000"", ""OKLG-8-F1_20250616_120000"", ""OKLG-8-G1_20250616_120000""]","[586.5, 586.5, 586.5, 586.5]","[0.0, -0.1463040082014155, -0.044179008201415515, 0.05407099179858449]","[0.0, 0.02933633292967636, 0.21105983192737435, -0.20689237274522418]",0.148501958727083,0.2651251424103975,True
OKLG8_WEML_0026,Western Meadowlark,2025-06-16 12:21:28+00:00,3.0,306247.8079094798,5466521.000311798,676.4657805024502,11U,"[""OKLG-8-E2_20250616_120000"", ""OKLG-8-D2_20250616_120000"", ""OKLG-8-F3_20250616_120000"", ""OKLG-8-F1_20250616_120000"", ""OKLG-8-D3_20250616_120000"", ""OKLG-8-E3_20250616_120000"", ""OKLG-8-E1_20250616_120000"", ""OKLG-8-F2_20250616_120000""]","[643.5, 643.5, 643.5, 643.5, 643.5, 643.5, 643.5, 643.5]","[0.0, 0.08896682513191784, -0.11384567486808217, 0.07505015846525115, 0.06513349179858446, -0.03640817486808218, 0.09255015846525116, -0.03378317486808219]","[0.0, -0.3892791308535711, 0.12139395543975032, -0.4698681377469014, -0.5921957312107802, 0.09342225630487137, -1.0151640021281423, 0.3634265851380829]",0.4885067984486602,0.2032396481372416,True
OKLG8_WEML_0027,Western Meadowlark,2025-06-16 12:22:01.500000+00:00,3.0,306274.0341261526,5466546.325988745,696.4792046539401,11U,"[""OKLG-8-G1_20250616_120000"", ""OKLG-8-F2_20250616_120000"", ""OKLG-8-F1_20250616_120000"", ""OKLG-8-G2_20250616_120000""]","[660.0, 660.0, 660.0, 660.0]","[0.0, -0.05530400820141551, 0.004654325131917825, -0.06659567486808216]","[0.0, 0.00013276258622906662, 7.422793829895923e-07, 0.00014822046032618517]",9.949341704381626e-05,0.3059339532628655,True
OKLG8_WEML_0028,Western Meadowlark,2025-06-16 12:22:04+00:00,3.0,306274.0341261517,5466546.325988748,696.4792046492158,11U,"[""OKLG-8-G1_20250616_120000"", ""OKLG-8-F1_20250616_120000"", ""OKLG-8-F2_20250616_120000"", ""OKLG-8-G2_20250616_120000""]","[661.5, 661.5, 661.5, 661.5]","[0.0, 0.004654325131917825, -0.05530400820141551, -0.06659567486808216]","[0.0, 7.421423965595573e-07, 0.00013276203950824092, 0.0001482198660314201]",9.94930130663664e-05,0.3026058934628963,True
OKLG8_WEML_0029,Western Meadowlark,2025-06-16 12:25:22+00:00,3.0,306369.91976446303,5466552.319697013,676.6816169052624,11U,"[""OKLG-8-F3_20250616_120000"", ""OKLG-8-G2_20250616_120000"", ""OKLG-8-G3_20250616_120000"", ""OKLG-8-F2_20250616_120000"", ""OKLG-8-G4_20250616_120000""]","[760.5, 760.5, 760.5, 760.5, 760.5]","[0.0, -0.12111650820141551, -0.10136650820141552, -0.02182484153474884, -0.041220674868082174]","[0.0, 0.024245275226000156, 0.08304015200506311, -0.011405182005006367, -0.011095199935539672]",0.0393361966996948,0.2285654824227094,True
OKLG8_WEML_0030,Western Meadowlark,2025-06-16 12:30:04+00:00,3.0,306106.760164575,5466605.669726946,698.3773854112784,11U,"[""OKLG-8-B1_20250616_120000"", ""OKLG-8-A1_20250616_120000"", ""OKLG-8-C1_20250616_120000"", ""OKLG-8-B2_20250616_120000""]","[901.5, 901.5, 901.5, 901.5]","[0.0, 0.05261265846525115, 0.07884182513191784, 0.10850849179858446]","[0.0, 0.09883447590171635, -0.15126024475247166, -0.7821866068701634]",0.4013925146400977,0.2663298475090414,True
OKLG8_WEML_0031,Western Meadowlark,2025-06-16 12:30:19.500000+00:00,3.0,306231.0687339692,5466559.593993847,687.6335392939868,11U,"[""OKLG-8-F1_20250616_120000"", ""OKLG-8-F2_20250616_120000"", ""OKLG-8-G1_20250616_120000"", ""OKLG-8-E2_20250616_120000"", ""OKLG-8-E1_20250616_120000""]","[909.0, 909.0, 909.0, 909.0, 909.0]","[0.0, -0.03934567486808216, 0.0778834917985845, -0.05753317486808218, -0.016220674868082152]","[0.0, 0.1652497610762111, -0.46840113656600973, -0.025598113227066746, -0.035285895276025075]",0.222983168009736,0.236744674295187,True
OKLG8_WEML_0032,Western Meadowlark,2025-06-16 12:30:22+00:00,3.0,306231.06913100585,5466559.562177458,687.7531242022075,11U,"[""OKLG-8-F1_20250616_120000"", ""OKLG-8-E2_20250616_120000"", ""OKLG-8-G1_20250616_120000"", ""OKLG-8-F2_20250616_120000"", ""OKLG-8-E1_20250616_120000""]","[910.5, 910.5, 910.5, 910.5, 910.5]","[0.0, -0.05753317486808218, 0.0779043251319178, -0.03934567486808216, -0.016220674868082152]","[0.0, -0.025157851079577378, -0.4750675463907022, 0.16642349242062057, -0.037351982710436944]",0.226015061686827,0.2385502655059099,True
OKLG8_WEML_0033,Western Meadowlark,2025-06-16 12:31:13.500000+00:00,3.0,306231.0721830727,5466559.542707632,687.8461874955068,11U,"[""OKLG-8-F1_20250616_120000"", ""OKLG-8-E2_20250616_120000"", ""OKLG-8-E1_20250616_120000"", ""OKLG-8-G1_20250616_120000"", ""OKLG-8-F2_20250616_120000""]","[936.0, 936.0, 936.0, 936.0, 936.0]","[0.0, -0.05751234153474882, -0.01619984153474885, 0.0778834917985845, -0.0393040082014155]","[0.0, -0.020966438039362444, -0.04378738161536993, -0.4665820529093176, 0.15800909566874655]",0.2213696513634679,0.239369449019432,True
OKLG8_WEML_0034,Western Meadowlark,2025-06-16 12:32:28+00:00,3.0,306247.81460707175,5466526.934662044,673.3362202804361,11U,"[""OKLG-8-F7_20250616_120000"", ""OKLG-8-E7_20250616_120000"", ""OKLG-8-E6_20250616_120000"", ""OKLG-8-G6_20250616_120000"", ""OKLG-8-G7_20250616_120000""]","[973.5, 973.5, 973.5, 973.5, 973.5]","[0.0, 0.007675158465251131, -0.09526234153474883, -0.08961650820141553, 0.013716825131917798]","[0.0, -0.22025015358729394, 0.1316267342788766, 0.21797202584055644, -0.3419670090153592]",0.2146107949922815,0.2170840047299861,True
OKLG8_WEML_0035,Western Meadowlark,2025-06-16 12:32:31.500000+00:00,3.0,306247.60238341044,5466521.084530167,676.8477099518652,11U,"[""OKLG-8-E3_20250616_120000"", ""OKLG-8-E4_20250616_120000"", ""OKLG-8-F2_20250616_120000"", ""OKLG-8-E2_20250616_120000"", ""OKLG-8-F3_20250616_120000"", ""OKLG-8-D4_20250616_120000"", ""OKLG-8-F4_20250616_120000"", ""OKLG-8-D2_20250616_120000"", ""OKLG-8-D3_20250616_120000""]","[975.0, 975.0, 975.0, 975.0, 975.0, 975.0, 975.0, 975.0, 975.0]","[0.0, 0.058883491798584486, 0.0029668251319178163, 0.036612658465251136, -0.07744984153474882, 0.13173765846525115, 0.030529325131917806, 0.12590432513191785, 0.10148765846525115]","[0.0, -0.4583896554628557, 0.20788205016011324, -0.2501320791543658, 0.36574094319471506, -0.859152940783939, -0.3647058805055055, -0.7586086651386653, -0.7080752926074779]",0.5161481698680023,0.2086763286756144,True
OKLG8_WEML_0036,Western Meadowlark,2025-06-16 12:33:37.500000+00:00,3.0,306247.94932979386,5466521.307493982,677.7711962364543,11U,"[""OKLG-8-F4_20250616_120000"", ""OKLG-8-G3_20250616_120000"", ""OKLG-8-F5_20250616_120000"", ""OKLG-8-E3_20250616_120000"", ""OKLG-8-G4_20250616_120000"", ""OKLG-8-E5_20250616_120000"", ""OKLG-8-E4_20250616_120000"", ""OKLG-8-F3_20250616_120000""]","[1008.0, 1008.0, 1008.0, 1008.0, 1008.0, 1008.0, 1008.0, 1008.0]","[0.0, -0.007387341534748848, 0.10075849179858448, -0.02990817486808217, 0.04432099179858451, 0.11850849179858447, 0.028550158465251163, -0.10834567486808216]","[0.0, -0.08480709821078833, -0.5285224121662976, 0.1819654728861648, -0.33582599089270004, -0.5325104500112571, -0.02251053981355594, 0.5597014688690476]",0.3587754436236586,0.1737023536115884,True
OKLG8_WEML_0037,Western Meadowlark,2025-06-16 12:33:40+00:00,3.0,306247.88810115366,5466521.281266755,677.7408572757097,11U,"[""OKLG-8-F4_20250616_120000"", ""OKLG-8-G3_20250616_120000"", ""OKLG-8-G5_20250616_120000"", ""OKLG-8-F3_20250616_120000"", ""OKLG-8-E5_20250616_120000"", ""OKLG-8-E3_20250616_120000"", ""OKLG-8-E4_20250616_120000"", ""OKLG-8-G4_20250616_120000"", ""OKLG-8-F5_20250616_120000""]","[1009.5, 1009.5, 1009.5, 1009.5, 1009.5, 1009.5, 1009.5, 1009.5, 1009.5]","[0.0, -0.007387341534748848, 0.13025849179858445, -0.10834567486808216, 0.11852932513191783, -0.02990817486808217, 0.028550158465251163, 0.04432099179858451, 0.10075849179858448]","[0.0, 0.0004405096869809014, -0.5394826402781787, 0.5877397047143065, -0.5643043377414392, 0.1431450690478781, -0.057169863134238184, -0.2911036705064378, -0.5287451061008832]",0.3862915849679168,0.1672135868834124,True
OKLG8_WEML_0038,Western Meadowlark,2025-06-16 12:33:43.500000+00:00,3.0,306219.1125356873,5466402.439682039,652.9313882064214,11U,"[""OKLG-8-E7_20250616_120000"", ""OKLG-8-D6_20250616_120000"", ""OKLG-8-F7_20250616_120000"", ""OKLG-8-D7_20250616_120000""]","[1011.0, 1011.0, 1011.0, 1011.0]","[0.0, 0.03448765846525115, 0.0479459917985845, 0.051008491798584465]","[0.0, 0.09785718993185054, -0.0953392641199544, -0.20929670437819903]",0.1249707119367053,0.2690008427016437,True
OKLG8_WEML_0039,Western Meadowlark,2025-06-16 12:34:10+00:00,3.0,306247.6973591159,5466519.94896092,675.7055443310086,11U,"[""OKLG-8-F1_20250616_120000"", ""OKLG-8-E1_20250616_120000"", ""OKLG-8-E2_20250616_120000"", ""OKLG-8-G1_20250616_120000"", ""OKLG-8-F2_20250616_120000""]","[1024.5, 1024.5, 1024.5, 1024.5, 1024.5]","[0.0, 0.016820991798584484, -0.0755540082014155, 0.02917515846525115, -0.10972067486808218]","[0.0, -0.45338185699968864, 0.2313854247328521, -0.2737990731669124, 1.1324242905353417]",0.5685850911335647,0.2510509043931961,True
OKLG8_WEML_0040,Western Meadowlark,2025-06-16 12:35:01.500000+00:00,3.0,306248.0136250826,5466521.030180347,676.3374135236403,11U,"[""OKLG-8-E2_20250616_120000"", ""OKLG-8-F3_20250616_120000"", ""OKLG-8-D2_20250616_120000"", ""OKLG-8-F2_20250616_120000"", ""OKLG-8-E3_20250616_120000"", ""OKLG-8-D3_20250616_120000"", ""OKLG-8-D1_20250616_120000"", ""OKLG-8-F1_20250616_120000"", ""OKLG-8-E1_20250616_120000""]","[1050.0, 1050.0, 1050.0, 1050.0, 1050.0, 1050.0, 1050.0, 1050.0, 1050.0]","[0.0, -0.1146165082014155, 0.09065432513191785, -0.03428317486808219, -0.036158174868082205, 0.06523765846525115, 0.1568209917985845, 0.07544599179858447, 0.0913209917985845]","[0.0, 0.18207824429738503, -0.9345287083552889, 0.35604114486539207, 0.06668591953334044, -0.5631781000897836, -0.9964336030698479, -0.7727414462847488, -0.6506884582103865]",0.6117627547314619,0.1604892652895715,True
OKLG8_WEML_0041,Western Meadowlark,2025-06-16 12:35:04+00:00,3.0,306248.127374677,5466521.401714873,677.5377296889731,11U,"[""OKLG-8-E4_20250616_120000"", ""OKLG-8-E5_20250616_120000"", ""OKLG-8-D5_20250616_120000"", ""OKLG-8-F3_20250616_120000"", ""OKLG-8-E3_20250616_120000"", ""OKLG-8-F5_20250616_120000"", ""OKLG-8-D3_20250616_120000"", ""OKLG-8-F4_20250616_120000""]","[1051.5, 1051.5, 1051.5, 1051.5, 1051.5, 1051.5, 1051.5, 1051.5]","[0.0, 0.09038349179858451, 0.1377168251319178, -0.13722067486808218, -0.05874150820141549, 0.07211265846525117, 0.0426543251319178, -0.028512341534748853]","[0.0, -0.6934606013627569, -0.7979933223717774, 0.5198165364761492, 0.33849307503215925, -0.5839573176625399, -0.4321757260785032, -0.10707128074127012]",0.5051873424599305,0.1978634181432426,True
OKLG8_WEML_0042,Western Meadowlark,2025-06-16 12:35:31.500000+00:00,3.0,306248.0128348389,5466520.965963085,676.2983231016321,11U,"[""OKLG-8-E2_20250616_120000"", ""OKLG-8-E3_20250616_120000"", ""OKLG-8-F3_20250616_120000"", ""OKLG-8-E1_20250616_120000"", ""OKLG-8-D1_20250616_120000"", ""OKLG-8-D2_20250616_120000"", ""OKLG-8-D3_20250616_120000"", ""OKLG-8-F1_20250616_120000"", ""OKLG-8-F2_20250616_120000""]","[1065.0, 1065.0, 1065.0, 1065.0, 1065.0, 1065.0, 1065.0, 1065.0, 1065.0]","[0.0, -0.03640817486808218, -0.1147831748680822, 0.09117515846525115, 0.15671682513191781, 0.0891959917985845, 0.06515432513191782, 0.07534182513191784, -0.03444984153474884]","[0.0, 0.09063172613249054, 0.14018484902609488, -0.5853026015022039, -0.9587760550398682, -0.4457112984110065, -0.583860329442571, -0.7157980323812961, 0.4338313604025982]",0.5301807321804939,0.1868497071166833,True
OKLG8_WEML_0043,Western Meadowlark,2025-06-16 12:36:04+00:00,3.0,306248.0604863395,5466521.052812847,676.6221793722762,11U,"[""OKLG-8-E2_20250616_120000"", ""OKLG-8-F3_20250616_120000"", ""OKLG-8-F1_20250616_120000"", ""OKLG-8-F2_20250616_120000"", ""OKLG-8-D3_20250616_120000"", ""OKLG-8-E1_20250616_120000"", ""OKLG-8-D2_20250616_120000"", ""OKLG-8-E3_20250616_120000""]","[1081.5, 1081.5, 1081.5, 1081.5, 1081.5, 1081.5, 1081.5, 1081.5]","[0.0, -0.11447067486808216, 0.07457099179858451, -0.034179008201415506, 0.06536265846525113, 0.09092515846525118, 0.08944599179858448, -0.036074841534748825]","[0.0, 0.1267793896553437, -0.5278145403311383, 0.26413884981555724, -0.5423226824142814, -0.5460209645785437, -0.4958269927055171, 0.12157407431788554]",0.3900813989525439,0.1660441635176539,True
OKLG8_WEML_0044,Western Meadowlark,2025-06-16 12:36:07.500000+00:00,3.0,306247.8347819984,5466521.176681878,677.0717106460212,11U,"[""OKLG-8-E3_20250616_120000"", ""OKLG-8-D4_20250616_120000"", ""OKLG-8-F2_20250616_120000"", ""OKLG-8-D2_20250616_120000"", ""OKLG-8-F4_20250616_120000"", ""OKLG-8-E2_20250616_120000"", ""OKLG-8-E4_20250616_120000"", ""OKLG-8-F3_20250616_120000""]","[1083.0, 1083.0, 1083.0, 1083.0, 1083.0, 1083.0, 1083.0, 1083.0]","[0.0, 0.13173765846525115, 0.0019043251319177945, 0.12552932513191783, 0.030050158465251164, 0.03609182513191783, 0.058841825131917824, -0.07838734153474886]","[0.0, -0.8492135041645105, 0.1565712262581873, -0.7485239400208885, -0.3330924507928693, -0.2558427433277555, -0.4498717361200906, 0.3962172868079754]",0.4798105121745463,0.2153442865237593,True
OKLG8_WEML_0045,Western Meadowlark,2025-06-16 12:36:25.500000+00:00,3.0,306247.8649249132,5466521.179869424,677.1168045492078,11U,"[""OKLG-8-E3_20250616_120000"", ""OKLG-8-F3_20250616_120000"", ""OKLG-8-F4_20250616_120000"", ""OKLG-8-D4_20250616_120000"", ""OKLG-8-E2_20250616_120000"", ""OKLG-8-E4_20250616_120000"", ""OKLG-8-F2_20250616_120000"", ""OKLG-8-D2_20250616_120000""]","[1092.0, 1092.0, 1092.0, 1092.0, 1092.0, 1092.0, 1092.0, 1092.0]","[0.0, -0.07849150820141554, 0.029925158465251178, 0.1316126584652511, 0.036133491798584494, 0.058820991798584465, 0.0018209917985844704, 0.12513349179858446]","[0.0, 0.38983211093099485, -0.3113268811317864, -0.8069047908465966, -0.2896910176215467, -0.44685071802679777, 0.13781189061528867, -0.624141944821565]",0.446112454641712,0.226837464608252,True
OKLG8_WEML_0046,Western Meadowlark,2025-06-16 12:36:28+00:00,3.0,306247.8649249145,5466521.179869431,677.1168045082696,11U,"[""OKLG-8-E3_20250616_120000"", ""OKLG-8-E4_20250616_120000"", ""OKLG-8-D4_20250616_120000"", ""OKLG-8-F4_20250616_120000"", ""OKLG-8-E2_20250616_120000"", ""OKLG-8-D2_20250616_120000"", ""OKLG-8-F3_20250616_120000"", ""OKLG-8-F2_20250616_120000""]","[1093.5, 1093.5, 1093.5, 1093.5, 1093.5, 1093.5, 1093.5, 1093.5]","[0.0, 0.058820991798584465, 0.1316126584652511, 0.029925158465251178, 0.036133491798584494, 0.12513349179858446, -0.07849150820141554, 0.0018209917985844704]","[0.0, -0.44685071881857913, -0.8069047900394537, -0.3113268838321503, -0.28969101682610504, -0.6241419428825234, 0.38983211393596356, 0.13781188922789156]",0.4461124546649069,0.2351167546585202,True
OKLG8_WEML_0047,Western Meadowlark,2025-06-16 12:36:31.500000+00:00,3.0,306172.4785792322,5466544.809257485,684.0391444820974,11U,"[""OKLG-8-C1_20250616_120000"", ""OKLG-8-D2_20250616_120000"", ""OKLG-8-D1_20250616_120000"", ""OKLG-8-B2_20250616_120000""]","[1095.0, 1095.0, 1095.0, 1095.0]","[0.0, -0.13976234153474884, 0.07096682513191782, 0.0582793251319178]","[0.0, 13.233913072939957, -28.372582705689553, -7.4926763434311985]",16.095652389704018,0.2591993368696421,True
OKLG8_WEML_0048,Western Meadowlark,2025-06-16 12:36:55.500000+00:00,3.0,306248.1018656877,5466521.235871919,677.0453970639534,11U,"[""OKLG-8-F2_20250616_120000"", ""OKLG-8-F1_20250616_120000"", ""OKLG-8-E3_20250616_120000"", ""OKLG-8-G1_20250616_120000"", ""OKLG-8-F3_20250616_120000"", ""OKLG-8-E1_20250616_120000"", ""OKLG-8-E2_20250616_120000"", ""OKLG-8-G3_20250616_120000""]","[1107.0, 1107.0, 1107.0, 1107.0, 1107.0, 1107.0, 1107.0, 1107.0]","[0.0, 0.10986265846525117, -0.0018248415347488223, 0.13734182513191778, -0.08030400820141553, 0.12444599179858451, 0.03498765846525115, 0.02080015846525113]","[0.0, -1.1845516901150008, 0.18100920099180234, -0.7907230347804907, 0.2626068052755408, -0.5528680523848086, -0.4432379727946077, -0.41560953510304105]",0.5921345454002516,0.1617813894990831,True
OKLG8_WEML_0049,Western Meadowlark,2025-06-16 12:37:19.500000+00:00,3.0,306248.1892028795,5466521.377920289,677.4377015406089,11U,"[""OKLG-8-E4_20250616_120000"", ""OKLG-8-D3_20250616_120000"", ""OKLG-8-D4_20250616_120000"", ""OKLG-8-F3_20250616_120000"", ""OKLG-8-E5_20250616_120000"", ""OKLG-8-E3_20250616_120000"", ""OKLG-8-D5_20250616_120000"", ""OKLG-8-F4_20250616_120000"", ""OKLG-8-F5_20250616_120000""]","[1119.0, 1119.0, 1119.0, 1119.0, 1119.0, 1119.0, 1119.0, 1119.0, 1119.0]","[0.0, 0.04250849179858451, 0.07277932513191782, -0.13713734153474885, 0.09019599179858451, -0.05876234153474885, 0.13775849179858451, -0.02886650820141551, 0.0719043251319178]","[0.0, -0.3208706096147822, -0.3551679497209624, 0.42841545462397246, -0.6492266476690042, 0.39378381692000486, -0.8048497085993576, -0.03697336136762782, -0.5626355484362735]",0.4660605349502857,0.1605106188605229,True
OKLG8_WEML_0050,Western Meadowlark,2025-06-16 12:37:22+00:00,3.0,306248.0605311382,5466520.92547697,676.2833330970383,11U,"[""OKLG-8-E2_20250616_120000"", ""OKLG-8-E1_20250616_120000"", ""OKLG-8-D3_20250616_120000"", ""OKLG-8-E3_20250616_120000"", ""OKLG-8-D2_20250616_120000"", ""OKLG-8-F1_20250616_120000"", ""OKLG-8-F3_20250616_120000"", ""OKLG-8-F2_20250616_120000""]","[1120.5, 1120.5, 1120.5, 1120.5, 1120.5, 1120.5, 1120.5, 1120.5]","[0.0, 0.09144599179858448, 0.06469599179858448, -0.03655400820141552, 0.08892515846525118, 0.07475849179858451, -0.11494984153474885, -0.034574841534748824]","[0.0, -0.6844180341759663, -0.44116164081575926, 0.11681167789246916, -0.3535127809235476, -0.5394562458014529, 0.07827630280600764, 0.4483183349069181]",0.4030814811129674,0.1912870681844651,True
